motif,freq
NHNNH,0.0263605172743284
NNNDH,0.0362116424404731
NNBNN,0.0374622009432709
DHNNN,0.0398637364792372
VNNNN,0.0476352695847247
NBNNN,0.0492896977391475
NNNNB,0.0643815217387963
NNNVN,0.0639943384588685
NVNNN,0.073941730942295
NNNND,0.0652786495663763
NNDNN,0.0525278200173901
NNVNN,0.0433385398831838
BNNNN,0.048081526804439695
NNNBN,0.060504398407287496
NNHNN,0.06212645852396839
NDNNN,0.0621074682108148
HNNNN,0.0595549322967236
NNNNV,0.057528168485095094
NNNHN,0.0498113822035416
