motif,freq
NNNHH,0.0235039822031555
NWHNN,0.0240145681108544
DNNNV,0.0246949712948842
NHNHN,0.0263074000003861
NHNNH,0.0263605172743284
HNNNV,0.0263965985940589
DDNNN,0.0303876858254361
HDNNN,0.0317197823853787
NNNHV,0.0328331971902109
HHNNN,0.0331583337026647
NNNDH,0.0362116424404731
NNBNN,0.0374622009432709
NNHNV,0.038111890413114
DHNNN,0.0398637364792372
VNNNN,0.0476352695847247
NBNNN,0.0492896977391475
NNNNB,0.0643815217387963
NNNVN,0.0639943384588685
NVNNN,0.073941730942295
NNNND,0.0652786495663763
NNDNN,0.0525278200173901
NNVNN,0.0433385398831838
BNNNN,0.048081526804439695
NNNBN,0.060504398407287496
