motif,freq
BNVNN,0.0192065505839661
NHRNN,0.019264333545804
BNNNH,0.0219653759659053
NNNHH,0.0235039822031555
NWHNN,0.024014568110854402
NNVDN,0.0241319892992177
DNNNV,0.0246949712948842
NHNHN,0.0263074000003861
BNNHN,0.0261161508385344
NHNNH,0.0263605172743284
HNNNV,0.0263965985940589
NNNKN,0.0284120188659708
DDNNN,0.0303876858254361
HDNNN,0.0317197823853787
NNNHV,0.0328331971902109
HHNNN,0.0331583337026647
NNWNN,0.0332634864715861
NNHBN,0.032092379541316704
NNNDH,0.0362116424404731
NNBNN,0.0374622009432709
NNHNV,0.038111890413114094
DHNNN,0.0398637364792372
VNNNN,0.0476352695847247
NBNNN,0.0492896977391475
NNNNB,0.0643815217387963
NNNVN,0.0639943384588685
NVNNN,0.07394173094229509
NNNND,0.0652786495663763
