motif,freq
NNNDB,0.016010124966637
NNBNW,0.0170943289868357
NNNRH,0.0171325903802028
BNNVB,0.0178516926238972
YNNBD,0.018068563156214
NBHNV,0.0183679792039466
DHNND,0.0186394341557208
NNHDH,0.0190790520602703
DNNRN,0.0191945959630024
BNVNN,0.0192065505839661
NHRNN,0.019264333545804
VNHNV,0.0197439112091675
NYBNN,0.0203678719564352
NNVNR,0.0204104549604197
VDNNN,0.0205267172965088
DHVNN,0.0212243023235164
NBNNH,0.0216296859151664
BNNNH,0.0219653759659053
NMNNN,0.022032633439684597
HNNVN,0.0222670051186937
NNNCN,0.0225327373771724
NNNHH,0.0235039822031555
NWHNN,0.024014568110854402
NNVDN,0.0241319892992177
DNNNV,0.0246949712948842
NVNND,0.0247245674460695
NHNHN,0.0263074000003861
BNNHN,0.0261161508385344
NHNNH,0.0263605172743284
HNNNV,0.0263965985940589
NNDND,0.0267996314497426
RNNNN,0.0271085522882159
NVNBN,0.027184530056541
BBNNN,0.0276600118239811
NNNKN,0.0284120188659708
DDNNN,0.0303876858254361
NNDNB,0.0305197041482621
HDNNN,0.0317197823853787
NNNHV,0.0328331971902109
HHNNN,0.0331583337026647
NNWNN,0.0332634864715861
NNHBN,0.032092379541316704
