motif,freq
CTGGA,0.0082405902619837
CTGGG,0.0075772725792944
DHGNB,0.0073493475321748
WBDTN,0.0073717345762216
MDNDY,0.0076324901009446
RNSRD,0.0074212266519582
NKRNC,0.0077662343153989
DBNTH,0.0077023543041853
HDWNY,0.007780173574104401
NDDYG,0.007826849721394
DBYKM,0.007884552857304
WHKHD,0.0079442075995378
DADNN,0.0078263184660758
NHBWT,0.0079595286725936
HNNDC,0.0080505962940435
HWWNN,0.0080665284483461
YDCBN,0.0080811723773182
RSBNA,0.0080853233256058
BHCSB,0.008187828075792401
THSNN,0.0076398313337584
NHHYW,0.0079388262309022
NDYDW,0.008329546625252399
WDRBV,0.0084980261291238
WMNRH,0.0085612372541078
HNHRH,0.008571353126095
HHHWN,0.0086850362589045
VRBDW,0.0087647823615833
MWHNB,0.0088892585104641
NKHDM,0.0089284310204644
YKNYD,0.0089456954419897
NNWTN,0.0089907145131056
GNWMB,0.0091109075880244
YCVBD,0.009122867714224301
CNHVB,0.0087407850358729
NCGNN,0.0091828059761351
DMNBW,0.009213715126215698
NNHWW,0.0092509387825107
NHHMR,0.009278181445111701
DWHND,0.0094257190295052
NBTHV,0.0094395481834822
KNCNH,0.0095516100241556
RNNAN,0.009507623184874699
BNWHR,0.009597947599402998
NWWBN,0.0096145761661172
SHMND,0.0096549405598105
DNSGN,0.0096869727781277
ANHNM,0.0097133208398043
MNHDH,0.0098281132777596
BHNWH,0.0098843988152824
NNVHA,0.0100236620292837
DYBHN,0.0096017985123036
VRWNV,0.010030590369363199
WHRDN,0.010081527569669
NWHVN,0.0101219525209629
MDWNN,0.0101220846466379
NANBD,0.0101993148562566
DNVSR,0.010386792931136
SGNNN,0.0104046326498709
DWVNB,0.010434575630953201
HBNWH,0.0104540999520433
BYBNY,0.0107660734441316
DHSBN,0.0107897266925632
NNWHY,0.010881427416205701
MVVRN,0.010983252269689499
BSNNW,0.0111755859631231
NBDCN,0.0112227383133659
WNNSV,0.011283752849004399
NNNCG,0.0113099990638065
DNRNM,0.011561648927432
AHNNN,0.0116020023106519
NVDNW,0.011660941372146199
SBNMN,0.0116639775100518
NCNSV,0.011833318583428
NNADN,0.0118795515591827
NHMNH,0.0119907022832228
YNHNY,0.0120809771506229
DHNHB,0.012181268795754301
NNCKN,0.012252437740035
NDWND,0.012381334593789999
VNNWH,0.0126225547869498
BVHBN,0.012646775074736601
HNNBC,0.0126621126635021
NVNBR,0.0130636260739234
DNNVM,0.013133322367452299
DHNKN,0.0133379299855639
KBBND,0.0134536280349167
HNNWV,0.0137344859305568
NTHNN,0.0138926155898915
NNHWV,0.013957068145696298
DWNVN,0.014063341230236599
BHDHN,0.0141261312046318
BKHBN,0.0142063837890644
NWBNY,0.014369814991105699
DNKHK,0.0144182968559527
BVNHN,0.0144521733284826
NSBBN,0.014537754981804499
NNANH,0.0146581957923633
