motif,freq
NKHDM,0.0089284310204644
NNWTN,0.0089907145131056
NCGNN,0.0091828059761351
DMNBW,0.009213715126215698
NNHWW,0.0092509387825107
NHHMR,0.009278181445111701
DWHND,0.0094257190295052
NBTHV,0.0094395481834822
KNCNH,0.0095516100241556
RNNAN,0.009507623184874699
BNWHR,0.009597947599402998
NWWBN,0.0096145761661172
SHMND,0.0096549405598105
DNSGN,0.0096869727781277
ANHNM,0.0097133208398043
MNHDH,0.0098281132777596
BHNWH,0.0098843988152824
NNVHA,0.0100236620292837
DYBHN,0.0096017985123036
VRWNV,0.010030590369363199
WHRDN,0.010081527569669
NWHVN,0.0101219525209629
MDWNN,0.0101220846466379
NANBD,0.0101993148562566
DNVSR,0.010386792931136
SGNNN,0.0104046326498709
DWVNB,0.010434575630953201
HBNWH,0.0104540999520433
BYBNY,0.0107660734441316
DHSBN,0.0107897266925632
NNWHY,0.010881427416205701
MVVRN,0.010983252269689499
BSNNW,0.0111755859631231
NBDCN,0.0112227383133659
WNNSV,0.011283752849004399
NNNCG,0.0113099990638065
DNRNM,0.011561648927432
AHNNN,0.0116020023106519
NVDNW,0.011660941372146199
SBNMN,0.0116639775100518
NCNSV,0.011833318583428
NNADN,0.0118795515591827
NHMNH,0.0119907022832228
YNHNY,0.0120809771506229
DHNHB,0.012181268795754301
NNCKN,0.012252437740035
NDWND,0.012381334593789999
VNNWH,0.0126225547869498
BVHBN,0.012646775074736601
HNNBC,0.0126621126635021
NVNBR,0.0130636260739234
DNNVM,0.013133322367452299
DHNKN,0.0133379299855639
KBBND,0.0134536280349167
HNNWV,0.0137344859305568
NTHNN,0.0138926155898915
NNHWV,0.013957068145696298
DWNVN,0.014063341230236599
BHDHN,0.0141261312046318
BKHBN,0.0142063837890644
NWBNY,0.014369814991105699
DNKHK,0.0144182968559527
BVNHN,0.0144521733284826
NSBBN,0.014537754981804499
NNANH,0.0146581957923633
NHKNB,0.0149266201114692
NBNTN,0.0150740888804069
HDNNY,0.015412663675049001
RNNND,0.015506549977564
WHBNN,0.015584038933296199
NDDNB,0.0155930840367929
NNHBH,0.015823379088206198
NNNDB,0.016010124966637097
BNYBN,0.016269000453110603
HWDNN,0.016307118710329797
DDDNN,0.016324344595199602
NNBNW,0.0170943289868357
NNNRH,0.0171325903802028
HHHNN,0.0175742947693686
BNNVB,0.017851692623897297
YNNBD,0.018068563156214003
