motif,freq
AHNNN,0.0116020023106519
NDWND,0.0123813345937899
BVHBN,0.0126467750747366
DHNKN,0.0133379299855639
KBBND,0.0134536280349167
NNHWV,0.0139570681456962
DWNVN,0.0140633412302365
BKHBN,0.0142063837890644
DNKHK,0.0144182968559527
NSBBN,0.0145377549818044
NNANH,0.0146581957923633
NHKNB,0.0149266201114692
NBNTN,0.0150740888804069
HDNNY,0.015412663675049
RNNND,0.015506549977564
WHBNN,0.0155840389332961
NDDNB,0.0155930840367929
NNHBH,0.0158233790882061
NNNDB,0.016010124966637
BNYBN,0.0162690004531106
HWDNN,0.0163071187103297
DDDNN,0.0163243445951996
NNBNW,0.0170943289868357
NNNRH,0.0171325903802028
HHHNN,0.0175742947693686
BNNVB,0.0178516926238972
YNNBD,0.018068563156214
NBHNV,0.0183679792039466
NNWBN,0.0186052906792228
DHNND,0.0186394341557208
NNHHR,0.0188761290445147
NNHDH,0.0190790520602703
DNNRN,0.0191945959630024
BNVNN,0.0192065505839661
NHRNN,0.019264333545804
VNHNV,0.0197439112091675
NYBNN,0.0203678719564352
NNVNR,0.0204104549604197
VDNNN,0.0205267172965088
DHVNN,0.0212243023235164
NBNNH,0.0216296859151664
BNNNH,0.0219653759659053
NMNNN,0.022032633439684597
HNNVN,0.0222670051186937
NNNCN,0.0225327373771724
NNNHH,0.0235039822031555
NWHNN,0.024014568110854402
NNVDN,0.0241319892992177
DNNNV,0.0246949712948842
NVNND,0.0247245674460695
NHNHN,0.0263074000003861
BNNHN,0.0261161508385344
NHNNH,0.0263605172743284
HNNNV,0.0263965985940589
